{"RuleTriggered": 0, "Violations": 146, "Details": {"low_gpu_utilization": 313, "bottlenecks": {"1638537828.270218": {"GPUs": 1, "CPUs": 1}, "1638537829.770194": {"GPUs": 1, "CPUs": 1}, "1638537830.284351": {"GPUs": 1, "CPUs": 1}, "1638537830.772415": {"GPUs": 1, "CPUs": 4}, "1638537831.770231": {"GPUs": 1, "CPUs": 3}, "1638537832.270235": {"GPUs": 1, "CPUs": 1}, "1638537832.770324": {"GPUs": 1, "CPUs": 2}, "1638537833.270282": {"GPUs": 1, "CPUs": 1}, "1638537833.770215": {"GPUs": 1, "CPUs": 3}, "1638537834.270203": {"GPUs": 1, "CPUs": 3}, "1638537834.770283": {"GPUs": 1, "CPUs": 4}, "1638537835.271912": {"GPUs": 1, "CPUs": 1}, "1638537835.770195": {"GPUs": 1, "CPUs": 2}, "1638537836.274216": {"GPUs": 1, "CPUs": 1}, "1638537836.77022": {"GPUs": 1, "CPUs": 3}, "1638537837.270205": {"GPUs": 1, "CPUs": 2}, "1638537837.77045": {"GPUs": 1, "CPUs": 2}, "1638537838.270213": {"GPUs": 1, "CPUs": 2}, "1638537839.770194": {"GPUs": 1, "CPUs": 2}, "1638537840.270211": {"GPUs": 1, "CPUs": 3}, "1638537840.770332": {"GPUs": 1, "CPUs": 1}, "1638537841.270209": {"GPUs": 1, "CPUs": 1}, "1638537841.770225": {"GPUs": 1, "CPUs": 2}, "1638537842.27022": {"GPUs": 1, "CPUs": 4}, "1638537842.770193": {"GPUs": 1, "CPUs": 4}, "1638537843.270943": {"GPUs": 1, "CPUs": 3}, "1638537843.770331": {"GPUs": 1, "CPUs": 3}, "1638537846.770195": {"GPUs": 1, "CPUs": 1}, "1638537847.270215": {"GPUs": 1, "CPUs": 1}, "1638537847.770198": {"GPUs": 1, "CPUs": 1}, "1638537848.270198": {"GPUs": 1, "CPUs": 1}, "1638537848.770276": {"GPUs": 1, "CPUs": 1}, "1638537849.27019": {"GPUs": 1, "CPUs": 1}, "1638537849.770199": {"GPUs": 1, "CPUs": 3}, "1638537850.270204": {"GPUs": 1, "CPUs": 3}, "1638537850.760826": {"GPUs": 1, "CPUs": 1}, "1638537857.270189": {"GPUs": 1, "CPUs": 2}, "1638537857.770232": {"GPUs": 1, "CPUs": 2}, "1638537858.270242": {"GPUs": 1, "CPUs": 2}, "1638537858.770195": {"GPUs": 1, "CPUs": 3}, "1638537859.270211": {"GPUs": 1, "CPUs": 1}, "1638537859.77019": {"GPUs": 1, "CPUs": 1}, "1638537860.270273": {"GPUs": 1, "CPUs": 1}, "1638537860.771115": {"GPUs": 1, "CPUs": 1}, "1638537861.270943": {"GPUs": 1, "CPUs": 1}, "1638537861.770214": {"GPUs": 1, "CPUs": 1}, "1638537867.770188": {"GPUs": 1, "CPUs": 3}, "1638537868.270185": {"GPUs": 1, "CPUs": 1}, "1638537868.770201": {"GPUs": 1, "CPUs": 1}, "1638537869.270642": {"GPUs": 1, "CPUs": 1}, "1638537869.771074": {"GPUs": 1, "CPUs": 1}, "1638537870.270344": {"GPUs": 1, "CPUs": 1}, "1638537870.770187": {"GPUs": 1, "CPUs": 1}, "1638537871.270211": {"GPUs": 1, "CPUs": 1}, "1638537871.770205": {"GPUs": 1, "CPUs": 2}, "1638537876.270951": {"GPUs": 1, "CPUs": 1}, "1638537876.770627": {"GPUs": 1, "CPUs": 1}, "1638537877.270252": {"GPUs": 1, "CPUs": 1}, "1638537879.27022": {"GPUs": 1, "CPUs": 1}, "1638537885.270886": {"GPUs": 1, "CPUs": 1}, "1638537885.770212": {"GPUs": 1, "CPUs": 1}, "1638537886.270217": {"GPUs": 1, "CPUs": 1}, "1638537886.770193": {"GPUs": 1, "CPUs": 1}, "1638537887.270206": {"GPUs": 1, "CPUs": 1}, "1638537887.770181": {"GPUs": 1, "CPUs": 1}, "1638537888.270194": {"GPUs": 1, "CPUs": 1}, "1638537888.770201": {"GPUs": 1, "CPUs": 1}, "1638537890.770188": {"GPUs": 1, "CPUs": 2}, "1638537891.270188": {"GPUs": 1, "CPUs": 1}, "1638537891.770191": {"GPUs": 1, "CPUs": 2}, "1638537892.270233": {"GPUs": 1, "CPUs": 1}, "1638537892.770956": {"GPUs": 1, "CPUs": 2}, "1638537893.270216": {"GPUs": 1, "CPUs": 2}, "1638537899.270221": {"GPUs": 1, "CPUs": 1}, "1638537901.772258": {"GPUs": 1, "CPUs": 1}, "1638537904.270867": {"GPUs": 1, "CPUs": 1}, "1638537905.270207": {"GPUs": 1, "CPUs": 1}, "1638537905.774218": {"GPUs": 1, "CPUs": 1}, "1638537906.270218": {"GPUs": 1, "CPUs": 2}, "1638537906.770207": {"GPUs": 1, "CPUs": 3}, "1638537907.270205": {"GPUs": 1, "CPUs": 1}, "1638537909.270188": {"GPUs": 1, "CPUs": 1}, "1638537909.770228": {"GPUs": 1, "CPUs": 1}, "1638537910.270205": {"GPUs": 1, "CPUs": 1}, "1638537910.77019": {"GPUs": 1, "CPUs": 1}, "1638537911.270209": {"GPUs": 1, "CPUs": 1}, "1638537912.270213": {"GPUs": 1, "CPUs": 2}, "1638537912.77019": {"GPUs": 1, "CPUs": 2}, "1638537913.270185": {"GPUs": 1, "CPUs": 1}, "1638537913.770227": {"GPUs": 1, "CPUs": 2}, "1638537914.270193": {"GPUs": 1, "CPUs": 3}, "1638537914.770194": {"GPUs": 1, "CPUs": 2}, "1638537922.270223": {"GPUs": 1, "CPUs": 1}, "1638537927.270209": {"GPUs": 1, "CPUs": 2}, "1638537927.770207": {"GPUs": 1, "CPUs": 2}, "1638537928.270199": {"GPUs": 1, "CPUs": 2}, "1638537928.770243": {"GPUs": 1, "CPUs": 2}, "1638537929.270196": {"GPUs": 1, "CPUs": 2}, "1638537929.770209": {"GPUs": 1, "CPUs": 2}, "1638537930.270211": {"GPUs": 1, "CPUs": 3}, "1638537930.770218": {"GPUs": 1, "CPUs": 2}, "1638537931.270184": {"GPUs": 1, "CPUs": 2}, "1638537931.770191": {"GPUs": 1, "CPUs": 2}, "1638537932.270174": {"GPUs": 1, "CPUs": 1}, "1638537932.770276": {"GPUs": 1, "CPUs": 1}, "1638537933.270182": {"GPUs": 1, "CPUs": 1}, "1638537933.77018": {"GPUs": 1, "CPUs": 1}, "1638537949.270336": {"GPUs": 1, "CPUs": 1}, "1638537949.770218": {"GPUs": 1, "CPUs": 1}, "1638537955.270212": {"GPUs": 1, "CPUs": 1}, "1638537958.770201": {"GPUs": 1, "CPUs": 1}, "1638537960.271012": {"GPUs": 1, "CPUs": 1}, "1638537961.770216": {"GPUs": 1, "CPUs": 1}, "1638537962.270195": {"GPUs": 1, "CPUs": 1}, "1638537963.2702": {"GPUs": 1, "CPUs": 1}, "1638537967.770189": {"GPUs": 1, "CPUs": 1}, "1638537969.270771": {"GPUs": 1, "CPUs": 1}, "1638537971.270927": {"GPUs": 1, "CPUs": 1}, "1638537975.270223": {"GPUs": 1, "CPUs": 1}, "1638537976.270198": {"GPUs": 1, "CPUs": 1}, "1638537978.770205": {"GPUs": 1, "CPUs": 1}, "1638537979.770208": {"GPUs": 1, "CPUs": 1}, "1638537980.270867": {"GPUs": 1, "CPUs": 1}, "1638537981.270234": {"GPUs": 1, "CPUs": 1}, "1638537984.27022": {"GPUs": 1, "CPUs": 1}, "1638537986.270213": {"GPUs": 1, "CPUs": 1}, "1638537986.770193": {"GPUs": 1, "CPUs": 1}, "1638537988.270208": {"GPUs": 1, "CPUs": 1}, "1638537991.770485": {"GPUs": 1, "CPUs": 1}, "1638537992.270241": {"GPUs": 1, "CPUs": 1}, "1638537992.770279": {"GPUs": 1, "CPUs": 1}, "1638537993.270797": {"GPUs": 1, "CPUs": 1}, "1638537995.270227": {"GPUs": 1, "CPUs": 1}, "1638537997.270261": {"GPUs": 1, "CPUs": 1}, "1638537997.770198": {"GPUs": 1, "CPUs": 1}, "1638537998.270216": {"GPUs": 1, "CPUs": 1}, "1638538003.270221": {"GPUs": 1, "CPUs": 1}, "1638538004.270228": {"GPUs": 1, "CPUs": 1}, "1638538005.270198": {"GPUs": 1, "CPUs": 1}, "1638538005.770193": {"GPUs": 1, "CPUs": 1}, "1638538006.270738": {"GPUs": 1, "CPUs": 1}, "1638538012.770215": {"GPUs": 1, "CPUs": 1}, "1638538014.770226": {"GPUs": 1, "CPUs": 1}, "1638538015.270773": {"GPUs": 1, "CPUs": 1}, "1638538016.770818": {"GPUs": 1, "CPUs": 1}, "1638538019.270723": {"GPUs": 1, "CPUs": 1}}}, "Datapoints": 392, "RuleParameters": "threshold:50\ncpu_threshold:90\ngpu_threshold:10\npatience:1000"}