{"RuleTriggered": 0, "Violations": 70, "Details": {"low_gpu_utilization": 313, "bottlenecks": {"1638537828.270218": {"GPUs": 1, "CPUs": 1}, "1638537847.270215": {"GPUs": 1, "CPUs": 2}, "1638537847.770198": {"GPUs": 1, "CPUs": 1}, "1638537848.270198": {"GPUs": 1, "CPUs": 1}, "1638537848.770276": {"GPUs": 1, "CPUs": 1}, "1638537849.27019": {"GPUs": 1, "CPUs": 2}, "1638537849.770199": {"GPUs": 1, "CPUs": 2}, "1638537850.270204": {"GPUs": 1, "CPUs": 1}, "1638537850.760826": {"GPUs": 1, "CPUs": 1}, "1638537858.770195": {"GPUs": 1, "CPUs": 2}, "1638537859.270211": {"GPUs": 1, "CPUs": 1}, "1638537859.77019": {"GPUs": 1, "CPUs": 1}, "1638537860.270273": {"GPUs": 1, "CPUs": 1}, "1638537860.771115": {"GPUs": 1, "CPUs": 1}, "1638537861.270943": {"GPUs": 1, "CPUs": 1}, "1638537861.770214": {"GPUs": 1, "CPUs": 1}, "1638537867.770188": {"GPUs": 1, "CPUs": 3}, "1638537868.270185": {"GPUs": 1, "CPUs": 1}, "1638537868.770201": {"GPUs": 1, "CPUs": 1}, "1638537869.270642": {"GPUs": 1, "CPUs": 1}, "1638537869.771074": {"GPUs": 1, "CPUs": 2}, "1638537870.270344": {"GPUs": 1, "CPUs": 1}, "1638537871.770205": {"GPUs": 1, "CPUs": 3}, "1638537885.270886": {"GPUs": 1, "CPUs": 1}, "1638537886.770193": {"GPUs": 1, "CPUs": 1}, "1638537887.770181": {"GPUs": 1, "CPUs": 1}, "1638537888.270194": {"GPUs": 1, "CPUs": 1}, "1638537888.770201": {"GPUs": 1, "CPUs": 1}, "1638537889.270209": {"GPUs": 1, "CPUs": 1}, "1638537889.77019": {"GPUs": 1, "CPUs": 3}, "1638537890.270189": {"GPUs": 1, "CPUs": 2}, "1638537890.770188": {"GPUs": 1, "CPUs": 2}, "1638537891.270188": {"GPUs": 1, "CPUs": 2}, "1638537891.770191": {"GPUs": 1, "CPUs": 2}, "1638537892.270233": {"GPUs": 1, "CPUs": 3}, "1638537892.770956": {"GPUs": 1, "CPUs": 3}, "1638537893.270216": {"GPUs": 1, "CPUs": 2}, "1638537906.770207": {"GPUs": 1, "CPUs": 3}, "1638537908.770221": {"GPUs": 1, "CPUs": 2}, "1638537909.270188": {"GPUs": 1, "CPUs": 1}, "1638537909.770228": {"GPUs": 1, "CPUs": 1}, "1638537910.270205": {"GPUs": 1, "CPUs": 1}, "1638537910.77019": {"GPUs": 1, "CPUs": 1}, "1638537911.270209": {"GPUs": 1, "CPUs": 1}, "1638537911.770186": {"GPUs": 1, "CPUs": 1}, "1638537912.270213": {"GPUs": 1, "CPUs": 2}, "1638537912.77019": {"GPUs": 1, "CPUs": 2}, "1638537913.270185": {"GPUs": 1, "CPUs": 3}, "1638537913.770227": {"GPUs": 1, "CPUs": 2}, "1638537914.270193": {"GPUs": 1, "CPUs": 3}, "1638537914.770194": {"GPUs": 1, "CPUs": 3}, "1638537926.770186": {"GPUs": 1, "CPUs": 2}, "1638537927.270209": {"GPUs": 1, "CPUs": 2}, "1638537927.770207": {"GPUs": 1, "CPUs": 3}, "1638537928.270199": {"GPUs": 1, "CPUs": 2}, "1638537928.770243": {"GPUs": 1, "CPUs": 2}, "1638537929.270196": {"GPUs": 1, "CPUs": 2}, "1638537929.770209": {"GPUs": 1, "CPUs": 2}, "1638537930.270211": {"GPUs": 1, "CPUs": 3}, "1638537930.770218": {"GPUs": 1, "CPUs": 2}, "1638537931.270184": {"GPUs": 1, "CPUs": 2}, "1638537931.770191": {"GPUs": 1, "CPUs": 2}, "1638537932.270174": {"GPUs": 1, "CPUs": 2}, "1638537932.770276": {"GPUs": 1, "CPUs": 1}, "1638537933.270182": {"GPUs": 1, "CPUs": 1}, "1638537933.77018": {"GPUs": 1, "CPUs": 1}, "1638537934.270189": {"GPUs": 1, "CPUs": 1}, "1638537938.770199": {"GPUs": 1, "CPUs": 1}, "1638537939.270211": {"GPUs": 1, "CPUs": 1}, "1638537944.270224": {"GPUs": 1, "CPUs": 1}}}, "Datapoints": 392, "RuleParameters": "threshold:50\nio_threshold:50\ngpu_threshold:10\npatience:1000"}